Entidade detentora das participacoes,Tipo,Denominacoes,% Participacao/ interesse economico,Custo de Aquisicao,Ano aquisicao,Capital Social/Moeda,Accoes/Quotas (Total Entidade),N  de Accoes/Quotas detidas,Transaccoes,Emprestimos,Outros,Ano referencia,Entidade,Doc
BGI SA,Sociedade,Around Knowledge,14.29,2796,,,,,,,,2014,ISCTE,"Participacoes - ISCTE, BGI SA 2014"
BGI SA,Sociedade,Changing Experience,5.88,671,,,,,,,,2014,ISCTE,"Participacoes - ISCTE, BGI SA 2015"
BGI SA,Sociedade,Waydip,1,100,,,,,,,,2014,ISCTE,"Participacoes - ISCTE, BGI SA 2016"
BGI SA,Sociedade,IS Green II,1,100,,,,,,,,2014,ISCTE,"Participacoes - ISCTE, BGI SA 2017"
BGI SA,Sociedade,Weadapt,0.18,100,,,,,,,,2014,ISCTE,"Participacoes - ISCTE, BGI SA 2018"
BGI SA,Sociedade,All Desk,1.67,100,,,,,,,,2014,ISCTE,"Participacoes - ISCTE, BGI SA 2019"
BGI SA,Sociedade,D-Orbit,2,5000,,,,,,,,2014,ISCTE,"Participacoes - ISCTE, BGI SA 2020"
BGI SA,Sociedade,Watgrid,1.96,5000,,,,,,,,2014,ISCTE,"Participacoes - ISCTE, BGI SA 2021"
BGI SA,Sociedade,Magic Stone,2,5000,,,,,,,,2014,ISCTE,"Participacoes - ISCTE, BGI SA 2022"
BGI SA,Sociedade,Veniam Works,nd,70,,,,,,,,2014,ISCTE,"Participacoes - ISCTE, BGI SA 2022"
BGI SA,Sociedade,Around Knowledge,nd,2510,,,,,,,,2015,ISCTE,"Participacoes - ISCTE, BGI SA 2016"
CGD,Sociedade,Changing Experience,nd,352,,,,,,,,2015,ISCTE,"Participacoes - ISCTE, BGI SA 2017"
BGI SA,Sociedade,Waydip,1,100,,,,,,,,2015,ISCTE,"Participacoes - ISCTE, BGI SA 2018"
BGI SA,Sociedade,IS Green II,1,100,,,,,,,,2015,ISCTE,"Participacoes - ISCTE, BGI SA 2019"
BGI SA,Sociedade,Weadapt,0.18,100,,,,,,,,2015,ISCTE,"Participacoes - ISCTE, BGI SA 2020"
BGI SA,Sociedade,All Desk,1.67,100,,,,,,,,2015,ISCTE,"Participacoes - ISCTE, BGI SA 2021"
BGI SA,Sociedade,D-Orbit,nd,5000,,,,,,,,2015,ISCTE,"Participacoes - ISCTE, BGI SA 2022"
BGI SA,Sociedade,Watgrid,nd,5000,,,,,,,,2015,ISCTE,"Participacoes - ISCTE, BGI SA 2023"
BGI SA,Sociedade,Magic Stone,nd,5000,,,,,,,,2015,ISCTE,"Participacoes - ISCTE, BGI SA 2024"
BGI SA,Sociedade,Veniam Works,nd,190100,,,,,,,,2015,ISCTE,"Participacoes - ISCTE, BGI SA 2025"
Universidade do Porto,Sociedade,"BERD – Projecto, Investigacao e Engenharia de Pontes, S.A",0.0004,3.613,2014,,,,,,,2015,Universidade do Porto,Participacoes - UP 2015
Universidade do Porto,Sociedade,"Fluidinova, Engenharia de Fluidos, S.A",0.5,2500,2015,,,,,,,2015,Universidade do Porto,Participacoes - UP 2015
Universidade do Porto,Sociedade,"HPS – High Performance Structures, Gestao e Engenharia, Lda.",23.49,20.562,2014,,,,,,,2015,Universidade do Porto,Participacoes - UP 2015
Universidade do Porto,Sociedade,"PETsys – Medical PET Imaging Systems, S.A.",3.9,19.52,2015,,,,,,,2015,Universidade do Porto,Participacoes - UP 2015
Universidade do Porto,Sociedade,"Prewind, Lda.",37.5,3.75,2015,,,,,,,2015,Universidade do Porto,Participacoes - UP 2015
Universidade do Porto,Sociedade,"Tomorrow Options – Microelectronics, S.A.",3.55,51.713,2011,,,,,,,2015,Universidade do Porto,Participacoes - UP 2015
Universidade do Porto,Sociedade,"LTPLABS, Lda",1,10000,,,,,,,,2015,Universidade do Porto,Participacoes - UP 2015
Grupo EDP,Sociedade,"EIDT-Engenharia, Inovacao e Desenvolvimento Tecnologico, S.A. ",30,,,150000 EUR ,,,,,,2015,EDP,EDP - Partes relacionadas 2015
Grupo EDP,Sociedade,"Principle Power, Inc ",26,,,18302 USD ,,,,,,2015,EDP,EDP - Partes relacionadas 2015
Grupo EDP,Sociedade,"WindPlus, S.A. ",15.35,,,1250000 EUR ,,,,,,2015,EDP,EDP - Partes relacionadas 2015
detida pelos orgaos sociais da NOVABASE,Sociedade,Collab Sol. I. Com. e Colab SA,,,,,,3750,,,,2014,NOVABASE,NOVABASE - Participacoes 2015
detida pelos orgaos sociais da NOVABASE,Sociedade,FeedZai Sa,,,,,,5355612,,,,2014,NOVABASE,NOVABASE - Participacoes 2015
detida pelos orgaos sociais da NOVABASE,Sociedade,Powergrid Lda,,,,,,50000,,,,2014,NOVABASE,NOVABASE - Participacoes 2015
detida pelos orgaos sociais da NOVABASE,Sociedade,Bright Innovation Lda,,,,,,2500,,,,2014,NOVABASE,NOVABASE - Participacoes 2015
detida pelos orgaos sociais da NOVABASE,Sociedade,Power Data Lda,,,,,,2000,,,,2014,NOVABASE,NOVABASE - Participacoes 2015
detida pelos orgaos sociais da NOVABASE,Sociedade,Radical Innovation Lda,,,,,,2000,,,,2014,NOVABASE,NOVABASE - Participacoes 2015
detida pelos orgaos sociais da NOVABASE,Sociedade,Smartgeo Solutions Lda,,,,,,3472,,,,2014,NOVABASE,NOVABASE - Participacoes 2015
detida pelos orgaos sociais da NOVABASE,Sociedade,City Pulse Lda,,,,,,10000,,,,2014,NOVABASE,NOVABASE - Participacoes 2015
detida pelos orgaos sociais da NOVABASE,Sociedade,Widzee SA,,,,,,9359092,,,,2014,NOVABASE,NOVABASE - Participacoes 2015
detida pelos orgaos sociais da NOVABASE,Sociedade,Livian Technologies Lda,,,,,,2000,,,,2014,NOVABASE,NOVABASE - Participacoes 2015
detida pelos orgaos sociais da NOVABASE,Sociedade,Collab Sol. I. Com. e Colab SA,6.1,,,61333,61333,0,0,,,2015,NOVABASE,NOVABASE - Participacoes 2015
detida pelos orgaos sociais da NOVABASE,Sociedade,FeedZai Sa,25.4,,,150885,15088594,4685554,-670058,,,2015,NOVABASE,NOVABASE - Participacoes 2015
detida pelos orgaos sociais da NOVABASE,Sociedade,Powergrid Lda,11.1,,,450000,450000,50000,0,,,2015,NOVABASE,NOVABASE - Participacoes 2015
detida pelos orgaos sociais da NOVABASE,Sociedade,Bright Innovation Lda,10,,,25000,25000,2500,0,,,2015,NOVABASE,NOVABASE - Participacoes 2015
detida pelos orgaos sociais da NOVABASE,Sociedade,Power Data Lda,20,,,10000,10000,2000,0,,,2015,NOVABASE,NOVABASE - Participacoes 2015
detida pelos orgaos sociais da NOVABASE,Sociedade,Radical Innovation Lda,20,,,10000,10000,2000,0,,,2015,NOVABASE,NOVABASE - Participacoes 2015
detida pelos orgaos sociais da NOVABASE,Sociedade,Smartgeo Solutions Lda,69.4,,,5000,5000,3472,0,,,2015,NOVABASE,NOVABASE - Participacoes 2015
detida pelos orgaos sociais da NOVABASE,Sociedade,City Pulse Lda,10,,,100000,100000,10000,0,,,2015,NOVABASE,NOVABASE - Participacoes 2015
detida pelos orgaos sociais da NOVABASE,Sociedade,Widzee SA,60,,,155985,15598487,9359092,0,,,2015,NOVABASE,NOVABASE - Participacoes 2015
detida pelos orgaos sociais da NOVABASE,Sociedade,Livian Technologies Lda,20,,,10000,10000,2000,0,,,2015,NOVABASE,NOVABASE - Participacoes 2015
Grupo BES,Sociedade,"Es Tech Ventures, SGPS, SA",100,,2000,,,,,,,2015,BES,BES - Participacoes 2015
Grupo BES,Sociedade,"ES Ventures, Sociedade de Capital de Risco, S.A",100,,2005,,,,,,,2015,BES,BES - Participacoes 2015
Grupo BES,Sociedade,"Yunit Servicos, SA",33.3,,2000,,,,,,,2015,BES,BES - Participacoes 2015
Grupo BES,FCR,FCR Espirito Santo Inovacao e Internacionalizacao,50,,2011,,,,,,,2015,BES,BES - Participacoes 2015
Grupo BES,FCR,"Fundo Bem Comum, FCR",20,,2011,,,,,,,2015,BES,BES - Participacoes 2015
Grupo BES,Sociedade,"Espirito Santo Contact Center, Gestao de Call Centers, S.A",41.67,,2000,,,,,,,2015,BES,BES - Participacoes 2015
Grupo BES,FCR,Fundos de Capital de Risco ES Ventures II,63.9,,2006,,,,,,,2015,BES,BES - Participacoes 2015
Grupo BES,Sociedade,Atlantic Ventures Corporation ,63.9,,2006,,,,,,,2015,BES,BES - Participacoes 2015
Grupo BES,Sociedade,"Sousacamp, SGPS, SA ",24.99,,2007,,,,,,,2015,BES,BES - Participacoes 2015
Grupo BES,Sociedade,"Global Active - SGPS, SA ",28.54,,2006,,,,,,,2015,BES,BES - Participacoes 2015
Grupo BES,Sociedade,"Outsystems, SA ",18.72,,2007,,,,,,,2015,BES,BES - Participacoes 2015
Grupo BES,Sociedade,"Coreworks - Proj. Circuito Sist. Elect., SA ",20.69,,2006,,,,,,,2015,BES,BES - Participacoes 2015
Grupo BES,Sociedade,Bio-Genesis ,19.13,,2007,,,,,,,2015,BES,BES - Participacoes 2015
Grupo BES,Sociedade,"YDreams - Informatica, SA ",30.67,,2009,,,,,,,2015,BES,BES - Participacoes 2015
Grupo BES,FCR,Fundos de Capital de Risco ES Ventures III,56.43,,2009,,,,,,,2015,BES,BES - Participacoes 2015
Grupo BES,Sociedade,Nutrigeen SA,11.29,,2009,,,,,,,2015,BES,BES - Participacoes 2015
Grupo BES,Sociedade,"Advance Ciclone Systems, SA ",22.57,,2009,,,,,,,2015,BES,BES - Participacoes 2015
Grupo BES,Sociedade,"Watson Brown, HSM, Ltd ",20.26,,2009,,,,,,,2015,BES,BES - Participacoes 2015
Grupo BES,Sociedade,"Domatica, Electronica e Informatica, SA",15.59,,2011,,,,,,,2015,BES,BES - Participacoes 2015
Grupo BES,FCR,Fundo FCR PME/Novo Banco,56.78,,1997,,,,,,,2015,BES,BES - Participacoes 2015
Grupo BES,Sociedade,Enkrott SA,16.07,,2006,,,,,,,2015,BES,BES - Participacoes 2015
Grupo BES,Sociedade,Palexpo - Espaco a sua medida SA,28.1,,2006,,,,,,,2015,BES,BES - Participacoes 2015
Grupo BES,Sociedade,Otherlog SA,21.86,,2006,,,,,,,2015,BES,BES - Participacoes 2015
Grupo BES,Sociedade,"Epedal, SGPS SA",12.22,,2015,,,,,,,2015,BES,BES - Participacoes 2015
Grupo BES,Sociedade,"Attentionfocus, Lda",18.92,,2015,,,,,,,2015,BES,BES - Participacoes 2015
Grupo BES,Sociedade,Nexxxpro - Fabrica de Capacetes SA,33.83,,2015,,,,,,,2015,BES,BES - Participacoes 2015
Banco BPI,Sociedade,EGP-UNIVERSITY OF PORTO BUS.SCHOOL ASS.,,,,,2,,,,,2015,BPI,BPI - Participacoes 2015
Banco BPI,FCR,FCR-F-HITEC (ES VENTURES) ,,500000,,,500000,,,,,2015,BPI,BPI - Participacoes 2015
Banco BPI,FCR,FCR-PORTUGAL GLOBAL VENTURES I,,69000,,,6269,,,,,2015,BPI,BPI - Participacoes 2015
Banco BPI,FCR,FCR-PORTUGAL VENTURES GPI,,130000,,,6,,,,,2015,BPI,BPI - Participacoes 2015
Banco BPI,FCR,FCR-PORTUGAL VENTURES TURISMO,,3568000,,,164,,,,,2015,BPI,BPI - Participacoes 2015
Banco BPI,FCR,FCR-PORTUGAL VENTURES VALOR 2,,2630000,,,131,,,,,2015,BPI,BPI - Participacoes 2015
Banco BPI,FCR,FCR-PORTUGAL VENTURES-FIEP,,3159000,,,3159,,,,,2015,BPI,BPI - Participacoes 2015
Banco BPI,FCR,FCR-PV ACTEC II – CATEGORIA A1,,78000,,,67249,,,,,2015,BPI,BPI - Participacoes 2015
Banco BPI,FCR,FCR-PV ACTEC II – CATEGORIA B1 ,,337000,,,290145,,,,,2015,BPI,BPI - Participacoes 2015
Banco BPI,FCR,FCR-TURISMO INOVACAO CAT.B,,600000,,,12,,,,,2015,BPI,BPI - Participacoes 2015
Banco BPI,FCR,FUNDO PATHENA SCA SICAR (B),,10140000,,,,,,,,2015,BPI,BPI - Participacoes 2015
Banco BPI,FCR,PORTUGAL VENTURE CAPITAL INITIATIVE-PVCI ,,6139000,,,6139383,,,,,2015,BPI,BPI - Participacoes 2015
Grupo DST,Sociedade,"innovation point, s.a. ",100,,,,,,,,,2015,DST,"DST - Participadas, Ventures 2015"
Grupo DST,Sociedade,"2bpartner - scr, s.a. ",85.8,,,,,,,,,2015,DST,"DST - Participadas, Ventures 2015"
Grupo DST,FCR,fundo minho inovacao internacionalizacao - fcr ,42.9,,,,,,,,,2015,DST,"DST - Participadas, Ventures 2015"
Grupo DST,Sociedade,"aDDvolt, s.a. ",25.8,,,,,,,,,2015,DST,"DST - Participadas, Ventures 2015"
Grupo DST,Sociedade,"watt-is, s.a. ",28.2,,,,,,,,,2015,DST,"DST - Participadas, Ventures 2015"
Grupo DST,Sociedade,"mobiqueue, lda ",17.2,,,,,,,,,2015,DST,"DST - Participadas, Ventures 2015"
Grupo DST,Sociedade,"wiseconnect, s.a. ",15.5,,,,,,,,,2015,DST,"DST - Participadas, Ventures 2015"
Grupo DST,Sociedade,"augrpublisher, lda ",10.7,,,,,,,,,2015,DST,"DST - Participadas, Ventures 2015"
Grupo DST,Sociedade,"biomode, s.a. ",9.8,,,,,,,,,2015,DST,"DST - Participadas, Ventures 2015"
Grupo DST,Sociedade,"sphere ultrafast photonics , s.a.",6.5,,,,,,,,,2015,DST,"DST - Participadas, Ventures 2015"
Grupo DST,Sociedade,"top research, s.a. ",5.4,,,,,,,,,2015,DST,"DST - Participadas, Ventures 2015"
SONAE IM,Sociedade,"Dispar - Distrib. de Participacoes, SGPS, SA Lisboa 14,28% 14,28% 14,28% 14,28% 9.976 9.976 ",14.28,,,,,14.28%,,,,2015,SONAE IM,"SONAE IM - Participacoes, % 2015"
SONAE IM,Sociedade,"Insco - Insular de Hipermerc., SA ",10,,,,,10.00%,,,,2015,SONAE IM,"SONAE IM - Participacoes, % 2015"
SONAE IM,Sociedade,"Solferias- Operadores Turisticos, SA Lisboa ",11.11,,,,,11.11%,,,,2015,SONAE IM,"SONAE IM - Participacoes, % 2015"
SONAE IM,Sociedade,"MOVVO, SA ",16,,,,,9.09%,,,,2015,SONAE IM,"SONAE IM - Participacoes, % 2015"
SONAE IM,Sociedade,"Lusa - Agen. de Noticias de Portugal, SA Lisboa ",1.38,,,,,1.24%,,,,2015,SONAE IM,"SONAE IM - Participacoes, % 2015"
SONAE IM,Sociedade,Cooper Gay Swett & Crawford Ltd,9.72,,,,,4.86%,,,,2015,SONAE IM,"SONAE IM - Participacoes, % 2015"
SONAE IM,Outros,Outros investimentos ,,12384028,,,,,,,,2015,SONAE IM,"SONAE IM - Participacoes, % 2015"
SONAE IM,Sociedade,"Dispar - Distrib. de Participacoes, SGPS, SA Lisboa 14,28% 14,28% 14,28% 14,28% 9.976 9.976 ",14.28,,,,,14.28%,,,,2014,SONAE IM,"SONAE IM - Participacoes, % 2015"
SONAE IM,Sociedade,"Insco - Insular de Hipermerc., SA ",10,,,,,10.00%,,,,2014,SONAE IM,"SONAE IM - Participacoes, % 2015"
SONAE IM,Sociedade,"Solferias- Operadores Turisticos, SA Lisboa ",11.11,,,,,11.11%,,,,2014,SONAE IM,"SONAE IM - Participacoes, % 2015"
SONAE IM,Sociedade,"MOVVO, SA ",16,,,,,9.09%,,,,2014,SONAE IM,"SONAE IM - Participacoes, % 2015"
SONAE IM,Sociedade,"Lusa - Agen. de Noticias de Portugal, SA Lisboa ",1.24,,,,,1.38%,,,,2014,SONAE IM,"SONAE IM - Participacoes, % 2015"
SONAE IM,Sociedade,Cooper Gay Swett & Crawford Ltd,4.86,,,,,9.72%,,,,2014,SONAE IM,"SONAE IM - Participacoes, % 2015"
SONAE IM,Outros,Outros investimentos ,,12260854,,,,,,,,2014,SONAE IM,"SONAE IM - Participacoes, % 2015"
Acionistas ISA,FCR,Fundo Capital Criativo,75.6,,,,,816131,,,,2014,ISA,ISA - Capital realizado 2015
Acionistas ISA,Sociedade,"ALTAR, SGPS,S.A.",19,,,,,205322,,,,2014,ISA,ISA - Capital realizado 2015
Acionistas ISA,Sociedade,"NEWES, New Energy Solutions, Lda.",1.4,,,,,14675,,,,2014,ISA,ISA - Capital realizado 2015
Acionistas ISA,Sociedade,Acoesproprias,0.9,,,,,9900,,,,2014,ISA,ISA - Capital realizado 2015
Acionistas ISA,Outros,Outros,3.1,,,,,33972,,,,2014,ISA,ISA - Capital realizado 2015
Acionistas ISA,FCR,Fundo Capital Criativo,84,,,,,1388132,,,,2015,ISA,ISA - Capital realizado 2015
Acionistas ISA,Sociedade,"ALTAR, SGPS,S.A.",12.4,,,,,205322,,,,2015,ISA,ISA - Capital realizado 2015
Acionistas ISA,Sociedade,"NEWES, New Energy Solutions, Lda.",0.9,,,,,14675,,,,2015,ISA,ISA - Capital realizado 2015
Acionistas ISA,Sociedade,Acoesproprias,0.6,,,,,9900,,,,2015,ISA,ISA - Capital realizado 2015
Acionistas ISA,Outros,Outros,2.1,,,,,35442,,,,2015,ISA,ISA - Capital realizado 2015
F PENSOESSANTANDER,FCR,F TEC,,250950,,,,,,,,2015,F Pensoes Santander,F Pensoes Santander 2015 - Participacoes Fundos
F PENSOESSANTANDER,FCR,FUNDO BEM COMUM,,217000,,,,,,,,2015,F Pensoes Santander,F Pensoes Santander 2015 - Participacoes Fundos
F PENSOESSANTANDER,FCR,PVCI,,1321579,,,,,,,,2015,F Pensoes Santander,F Pensoes Santander 2015 - Participacoes Fundos
SIBS,FCR,F TEC,1,50000,,,,,,,,2015,Outros,Outros detendores F-Hitec 2015
SONAE Capital,FCR,F TEC,6.48,"250,950",,,,,,,,2015,Outros,Outros detendores F-Hitec 2015
Brisa,FCR,F TEC,,97000,,,,,,,,2015,Outros,Outros detendores F-Hitec 2015
Portugal Ventures,FCR,FCR Portugal Ventures Universitas,13.8,,,3720000,,51336000,,,,2014,Portugal Ventures,Portugal Ventures - Carteira sob Gestao 2015
Portugal Ventures,FCR,FCR Portugal Ventures ACTEC II,12.43,,,7783386,,96747488,,,,2014,Portugal Ventures,Portugal Ventures - Carteira sob Gestao 2015
Portugal Ventures,FCR,FCR Portugal Ventures Early Stages,34.89,,,7166500,,250039185,,,,2014,Portugal Ventures,Portugal Ventures - Carteira sob Gestao 2015
Portugal Ventures,FCR,FCR Portugal Ventures Biocant,37.5,,,4000000,,150000000,,,,2014,Portugal Ventures,Portugal Ventures - Carteira sob Gestao 2015
Portugal Ventures,FCR,FCR Portugal Global Ventures,7.8,,,203713,,1588958,,,,2014,Portugal Ventures,Portugal Ventures - Carteira sob Gestao 2015
Portugal Ventures,FCR,FCR Portugal Ventures Internacionalizacao,41.67,,,14232000,,593047440,,,,2014,Portugal Ventures,Portugal Ventures - Carteira sob Gestao 2015
Portugal Ventures,FCR,FCR Portugal Ventures Industrias Criativas,50,,,6000000,,300000000,,,,2014,Portugal Ventures,Portugal Ventures - Carteira sob Gestao 2015
Portugal Ventures,FCR,FCR Critical Ventures I,17.86,,,7000000,,125020000,,,,2014,Portugal Ventures,Portugal Ventures - Carteira sob Gestao 2015
Portugal Ventures,FCR,FCR Portugal Ventures Global 2,50,,,23184722,,11592361,,,,2014,Portugal Ventures,Portugal Ventures - Carteira sob Gestao 2015
Portugal Ventures,FCR,FCR Portugal Ventures Grandes Projectos de Investimento,7.99,,,633722.942,,5877278,,,,2014,Portugal Ventures,Portugal Ventures - Carteira sob Gestao 2015
Portugal Ventures,FCR,FCR Turismo Inovacao,50,,,6000000,,300000000,,,,2014,Portugal Ventures,Portugal Ventures - Carteira sob Gestao 2015
Portugal Ventures,FCR,FCR FIEP,0,,,19400000,,0,,,,2014,Portugal Ventures,Portugal Ventures - Carteira sob Gestao 2015
Portugal Ventures,FCR,FCR Portugal Ventures Finicia,30,,,4000000,,120000000,,,,2014,Portugal Ventures,Portugal Ventures - Carteira sob Gestao 2015
Portugal Ventures,FCR,FCR Portugal Ventures FIAEA,9.09,,,1103109,,10027261,,,,2014,Portugal Ventures,Portugal Ventures - Carteira sob Gestao 2015
Portugal Ventures,FCR,FCR - DINAMIZAcaO TURiSTICA,,,,,,,,,,2014,Portugal Ventures,Portugal Ventures - Carteira sob Gestao 2015
Portugal Ventures,FCR,FCR PORTUGAL VENTURES TURISMO,,,,,,,,,,2014,Portugal Ventures,Portugal Ventures - Carteira sob Gestao 2015
Portugal Ventures,FCR,FCR FAI Energias,,,,,,,,,,2014,Portugal Ventures,Portugal Ventures - Carteira sob Gestao 2015
IAPMEI,FCR,FCR Fast Change - FAST CHANGE - Fundo de Capital de Risco,,,,,,,,,,2015,IAPMEI,IAPMEI - Entidades Participadas 2015
IAPMEI,FCR,FCR PME / Novo Banco - FCR PME / Novo Banco - Fundo de Capital de Risco para Investidores Qualificados,,,,,,,,,,2015,IAPMEI,IAPMEI - Entidades Participadas 2015
IAPMEI,FCR,FINOVA - FINOVA - Fundo de Apoio ao Financiamento a Inovacao,,,,,,,,,,2015,IAPMEI,IAPMEI - Entidades Participadas 2015
IAPMEI,FCR,FACCE - Fundo Autonomo de Apoio a Concentracao e Consolidacao de Empresas,,,,,,,,,,2015,IAPMEI,IAPMEI - Entidades Participadas 2015
IAPMEI,FCR,FCR Caravela - Fundo Caravela - Fundo de Capital de Risco,,,,,,,,,,2015,IAPMEI,IAPMEI - Entidades Participadas 2015
IAPMEI,FCR,FCR Central FRIE - Fundo de Capital de Risco CENTRAL FRIE,,,,,,,,,,2015,IAPMEI,IAPMEI - Entidades Participadas 2015
IAPMEI,FCR,FCR PV Global 2 - Fundo de Capital de Risco Portugal Ventures Global 2,,,,,,,,,,2015,IAPMEI,IAPMEI - Entidades Participadas 2015
IAPMEI,FCR,FCR PV Valor 2 - Fundo de Capital de Risco Portugal Ventures Valor 2,,,,,,,,,,2015,IAPMEI,IAPMEI - Entidades Participadas 2015
IAPMEI,FCR,FCGM - Fundo de Contragarantia Mutuo,,,,,,,,,,2015,IAPMEI,IAPMEI - Entidades Participadas 2015
IAPMEI,FCR,FSCR - Fundo de Sindicacao de Capital de Risco PME-IAPMEI,,,,,,,,,,2015,IAPMEI,IAPMEI - Entidades Participadas 2015
IAPMEI,FCR,FIEAE - Fundo Imobiliario Especial de Apoio as Empresas,,,,,,,,,,2015,IAPMEI,IAPMEI - Entidades Participadas 2015
IAPMEI,FCR,"FRME - Fundo para a Revitalizacao e Modernizacao do Tecido Empresarial, SGPS, S.A",,,,,,,,,,2015,IAPMEI,IAPMEI - Entidades Participadas 2015
IAPMEI,Sociedade,"GARVAL - GARVAL-Sociedade de Garantia Mutua, S.A",,,,,,,,,,2015,IAPMEI,IAPMEI - Entidades Participadas 2015
IAPMEI,FCR,FCR ISQ Capital - ISQ Capital - Fundo de Investimento de Capital de Risco para Investidores Qualificados,,,,,,,,,,2015,IAPMEI,IAPMEI - Entidades Participadas 2015
IAPMEI,Sociedade,"LISGARANTE - Lisgarante - Sociedade de Garantia Mutua, SA",,,,,,,,,,2015,IAPMEI,IAPMEI - Entidades Participadas 2015
IAPMEI,Sociedade,NORGARANTE - NORGARANTE-Sociedade de Garantia Mutua S.A,,,,,,,,,,2015,IAPMEI,IAPMEI - Entidades Participadas 2015
IAPMEI,FCR,FCR Novabase Capital - NOVABASE CAPITAL - Fundo de Capital de Risco para Investidores Qualificados,,,,,,,,,,2015,IAPMEI,IAPMEI - Entidades Participadas 2015
IAPMEI,Sociedade,"PMEI - PME Investimentos - Sociedade de Investimento, SA",,,,,,,,,,2015,IAPMEI,IAPMEI - Entidades Participadas 2015
IAPMEI,Sociedade,"PV - PORTUGAL CAPITAL VENTURES - Sociedade de Capital de Risco, S.A.",,,,,,,,,,2015,IAPMEI,IAPMEI - Entidades Participadas 2015
IAPMEI,Sociedade,SPGM - SPGM-Sociedade de Investimento S.A.,,,,,,,,,,2015,IAPMEI,IAPMEI - Entidades Participadas 2015
Acionistas PVCI,FCR,Banco Europeu de Investimento,,15000000,,,,,,,,2016,PVCI,"PVCi SICAV - Shareholders as March, 31 2016"
Acionistas PVCI,FCR,Fundo de Sindicacao de Capital de Risco,,10625000,,,,,,,,2016,PVCI,"PVCi SICAV - Shareholders as March, 31 2016"
Acionistas PVCI,FCR,"Direccao Geral do Tesouro, Ministerio das Financas",,10625000,,,,,,,,2016,PVCI,"PVCi SICAV - Shareholders as March, 31 2016"
Acionistas PVCI,FCR,Bankinter SA,,10625000,,,,,,,,2016,PVCI,"PVCi SICAV - Shareholders as March, 31 2016"
Acionistas PVCI,FCR,Banco BPI,,10625000,,,,,,,,2016,PVCI,"PVCi SICAV - Shareholders as March, 31 2016"
Acionistas PVCI,FCR,Novo Banco,,10625000,,,,,,,,2016,PVCI,"PVCi SICAV - Shareholders as March, 31 2016"
Acionistas PVCI,FCR,Millenium BCP Participacoes,,10625000,,,,,,,,2016,PVCI,"PVCi SICAV - Shareholders as March, 31 2016"
Acionistas PVCI,FCR,Montepio Geral - Associacao Mutualista,,10625000,,,,,,,,2016,PVCI,"PVCi SICAV - Shareholders as March, 31 2016"
Acionistas PVCI,FCR,Caixagest,,10625000,,,,,,,,2016,PVCI,"PVCi SICAV - Shareholders as March, 31 2016"
Acionistas PVCI,FCR,Class C,,11330000,,,,,,,,2016,PVCI,"PVCi SICAV - Shareholders as March, 31 2016"
PVCI,FCR,"Explorer III - Fundo de Capital de Risco, FCR",11.09,13138270,,,,,,,,2016,PVCI,"PVCi SICAV - Investments as March 31, 2016"
PVCI,FCR,"Fundo Inter-Risco II, FCR",24.54,13525383,,,,,,,,2016,PVCI,"PVCi SICAV - Investments as March 31, 2016"
PVCI,FCR,Oxy Capital SCR SA,15.05,8564164,,,,,,,,2016,PVCI,"PVCi SICAV - Investments as March 31, 2016"
PVCI,FCR,"Pathena SCA, Sicar",35.85,3467235,,,,,,,,2016,PVCI,"PVCi SICAV - Investments as March 31, 2016"
PVCI,FCR,SC1 - Fundo de Capital de Risco,36.36,5286730,,,,,,,,2016,PVCI,"PVCi SICAV - Investments as March 31, 2016"
PVCI,FCR,Vallis Sustainable Investments I,20.13,9410433,,,,,,,,2016,PVCI,"PVCi SICAV - Investments as March 31, 2016"
PVCI,FCR,HCapital SCA SICAR - ESIP,22.73,1850000,,,,,,,,2016,PVCI,"PVCi SICAV - Investments as March 31, 2016"
IMPRESA,Sociedade,Impresa Publishing (a),100,30961957,,,,,5500000,,,2014,IMPRESA,IMPRESA - Participadas 2014
IMPRESA,Sociedade,IOSS (a),99.89,9688430,,,,,3745930,,,2014,IMPRESA,IMPRESA - Participadas 2014
IMPRESA,Sociedade,SIC,51,79389999,,,,,-,,,2014,IMPRESA,IMPRESA - Participadas 2014
IMPRESA,Sociedade,ISM (a),100,63571050,,,,,63071050,,,2014,IMPRESA,IMPRESA - Participadas 2014
IMPRESA,Sociedade,Vasp,33.33,1910566,,,,,-,,,2014,IMPRESA,IMPRESA - Participadas 2014
IMPRESA,Sociedade,Lusa,22.35,890732,,,,,-,,,2014,IMPRESA,IMPRESA - Participadas 2014
IMPRESA,Sociedade,NoniusSoft,,1534858,,,,,-,,,2014,IMPRESA,IMPRESA - Participadas 2014
IMPRESA,Sociedade,Visapress,10,357,,,,,357,,,2014,IMPRESA,IMPRESA - Participadas 2014
IMPRESA,Sociedade,Nexponor,1,660,,,,,-,,,2014,IMPRESA,IMPRESA - Participadas 2014
IMPRESA,Sociedade,Impresa Publishing (a),100,51961957,,,,,26500000,,,2015,IMPRESA,IMPRESA - Participadas 2015
IMPRESA,Sociedade,IOSS (a),99.89,9688430,,,,,3745930,,,2015,IMPRESA,IMPRESA - Participadas 2015
IMPRESA,Sociedade,SIC,100,239408738,,,,,-,,,2015,IMPRESA,IMPRESA - Participadas 2015
IMPRESA,Sociedade,Infoportugal,100,2842435,,,,,-,,,2015,IMPRESA,IMPRESA - Participadas 2015
IMPRESA,Sociedade,Vasp,33.33,1144666,,,,,-,,,2015,IMPRESA,IMPRESA - Participadas 2015
IMPRESA,Sociedade,Lusa,22.35,890732,,,,,-,,,2015,IMPRESA,IMPRESA - Participadas 2015
IMPRESA,Sociedade,Visapress,10,-,,,,,-,,,2015,IMPRESA,IMPRESA - Participadas 2015
IMPRESA,Sociedade,Nexponor,1,660,,,,,-,,,2015,IMPRESA,IMPRESA - Participadas 2015
IMPRESA,Outros,Outros,n.d,30,,,,,-,,,2015,IMPRESA,IMPRESA - Participadas 2015
CGD,FCR,Caixa Capital ,,,,17000000,,,,,,2015,CGD,CGD - Participacoes em UP 2015
CGD,FCR,FCR Grupo CGD,,,,296000000,,,,,,2015,CGD,CGD - Participacoes em UP 2015
CGD,FCR,Empreender+ ,,,,25000000,,,,,,2015,CGD,CGD - Participacoes em UP 2015
CGD,FCR,Caixa Crescimento FCR ,,,,62000000,,,,,,2015,CGD,CGD - Participacoes em UP 2015
CGD,FCR,FCR Caixa Fundos ,,,,199000000,,,,,,2015,CGD,CGD - Participacoes em UP 2015
CGD,FCR,TTA ,,,,6000000,,,,,,2015,CGD,CGD - Participacoes em UP 2015
FCR Empreender+,Sociedade,Biosurfit,"9,4","€333,000",,,,,,,,2011,Caixa Investimento,Caixa BI FCR Empreender+ 2011 - Investimentos
FCR Empreender+,Sociedade,FCR Critical Ventures I: ,25,,,,,,,,,2011,Caixa Investimento,Caixa BI FCR Empreender+ 2011 - Investimentos
FCR Empreender+,Sociedade,"BIPS Around Knowledge - Consultoria Informatica, Lda.",Aumento Capital,,,,,,,,,2011,Caixa Investimento,Caixa BI FCR Empreender+ 2011 - Investimentos
FCR Empreender+,Sociedade,"Waydip – Energia e Ambiente, Lda.,",Aumento Capital,,,,,,,,,2011,Caixa Investimento,Caixa BI FCR Empreender+ 2011 - Investimentos
FCR Empreender+,Sociedade,"WeAdapt – Inclusive Design and Engineering, Lda., ",Aumento Capital,,,,,,,,,2011,Caixa Investimento,Caixa BI FCR Empreender+ 2011 - Investimentos
FCR Empreender+,Sociedade,"Acellera Therapeutics, Lda.",,,,,,,,,,2011,Caixa Investimento,Caixa BI FCR Empreender+ 2011 - Investimentos
FCR Empreender+,Sociedade,"Stemmatters - Biotecnologia e Medicina Regenerativa, S.A.",Aumento Capital,,,,,,,,,2011,Caixa Investimento,Caixa BI FCR Empreender+ 2011 - Investimentos
FCR Empreender+,Sociedade,"PLUX – Wireless Biosensors, S.A.",Aumento Capital,,,,,,,,,2011,Caixa Investimento,Caixa BI FCR Empreender+ 2011 - Investimentos
FCR Empreender+,Sociedade,"Digital Luxury, S.A.",reforco do investimento,,,,,,,,,2011,Caixa Investimento,Caixa BI FCR Empreender+ 2011 - Investimentos
FCR Empreender+,Sociedade,"Fotonesga, S.A.",investimento,,,,,,,,,2011,Caixa Investimento,Caixa BI FCR Empreender+ 2011 - Investimentos
FCR Empreender+,Sociedade,"isGreen II, Lda. (isGreen)",participacao no aumento de capital,,,,,,,,,2011,Caixa Investimento,Caixa BI FCR Empreender+ 2011 - Investimentos
FCR Empreender+,Sociedade,"All Desk, Lda. (AllDesk)",participacao no aumento de capital,,,,,,,,,2011,Caixa Investimento,Caixa BI FCR Empreender+ 2011 - Investimentos
FCR Empreender+,Sociedade,"Noniussoft, S.A. (Nonius)",participacao no aumento de capital,,,,,,,,,2011,Caixa Investimento,Caixa BI FCR Empreender+ 2011 - Investimentos
FCR Empreender+,Sociedade,FCR Universitas,6,,,,,,,,,2011,Caixa Investimento,Caixa BI FCR Empreender+ 2011 - Investimentos
FCR Empreender+,Sociedade,FCR ISTart,6,,,,,,,,,2011,Caixa Investimento,Caixa BI FCR Empreender+ 2011 - Investimentos
FCR Empreender+,Sociedade,"Critical Health, S.A.",,ao valor nominal e pari-passu com o Grupo Critical,,,,,,,,2011,Caixa Investimento,Caixa BI FCR Empreender+ 2011 - Investimentos
BGI SA,Sociedade,Around Knowledge,,340150,,,,,,340150,,2014,ISCTE,"Partes Relacionadas - ISCTE, BGI SA 2014"
BGI SA,Sociedade,Changing Experience,,199920,,,,,,199920,,2014,ISCTE,"Partes Relacionadas - ISCTE, BGI SA 2014"
BGI SA,Sociedade,D-Orbit,,95401,,,,,,95401,,2014,ISCTE,"Partes Relacionadas - ISCTE, BGI SA 2014"
BGI SA,Sociedade,Watgrid,,95894,,,,,,95894,,2014,ISCTE,"Partes Relacionadas - ISCTE, BGI SA 2014"
BGI SA,Sociedade,Magic Stone,,95763,,,,,,95763,,2014,ISCTE,"Partes Relacionadas - ISCTE, BGI SA 2014"
BGI SA,Sociedade,Waydip,,101816,,,,,,101816,,2014,ISCTE,"Partes Relacionadas - ISCTE, BGI SA 2014"
BGI SA,Sociedade,IS Green II,,98036,,,,,,98036,,2014,ISCTE,"Partes Relacionadas - ISCTE, BGI SA 2014"
BGI SA,Sociedade,Weadapt,,100187,,,,,,100187,,2014,ISCTE,"Partes Relacionadas - ISCTE, BGI SA 2014"
BGI SA,Sociedade,All Desk,,98105,,,,,,98105,,2014,ISCTE,"Partes Relacionadas - ISCTE, BGI SA 2014"
BGI SA,Sociedade,Waydip,,101816,,,,,,101816,,2015,ISCTE,"Partes Relacionadas - ISCTE, BGI SA 2015"
BGI SA,Sociedade,IS Green II,,98036,,,,,,98036,,2015,ISCTE,"Partes Relacionadas - ISCTE, BGI SA 2015"
BGI SA,Sociedade,Weadapt,,100187,,,,,,100187,,2015,ISCTE,"Partes Relacionadas - ISCTE, BGI SA 2015"
BGI SA,Sociedade,All Desk,,98105,,,,,,98105,,2015,ISCTE,"Partes Relacionadas - ISCTE, BGI SA 2015"
NOVABASE,Sociedade,Globaleda SA,,,,,,,,784000,,2014  (31.12.14),NOVABASE,NOVABASE - Par. Rel. Outros Saldos 2015
NOVABASE,Sociedade,Powergrid Lda,,,,,,,,2050000,,2014  (31.12.14),NOVABASE,NOVABASE - Par. Rel. Outros Saldos 2015
NOVABASE,Sociedade,Bright Innovation Lda,,,,,,,,1477000,,2014  (31.12.14),NOVABASE,NOVABASE - Par. Rel. Outros Saldos 2015
NOVABASE,Sociedade,SmartGeo Solutions Lda,,,,,,,,99000,,2014  (31.12.14),NOVABASE,NOVABASE - Par. Rel. Outros Saldos 2015
NOVABASE,Sociedade,Radical Innovation Lda,,,,,,,,994000,,2014  (31.12.14),NOVABASE,NOVABASE - Par. Rel. Outros Saldos 2015
NOVABASE,Sociedade,Power Data Lda,,,,,,,,248000,,2014  (31.12.14),NOVABASE,NOVABASE - Par. Rel. Outros Saldos 2015
NOVABASE,Sociedade,City Pulse,,,,,,,,1410000,,2014  (31.12.14),NOVABASE,NOVABASE - Par. Rel. Outros Saldos 2015
NOVABASE,Sociedade,Livin Technologies Lda,,,,,,,,1492000,,2014  (31.12.14),NOVABASE,NOVABASE - Par. Rel. Outros Saldos 2015
NOVABASE,Outros,outros socios/acionistas,,,,,,,,15000,,2014  (31.12.14),NOVABASE,NOVABASE - Par. Rel. Outros Saldos 2015
NOVABASE,Sociedade,Globaleda SA,,,,,,,,103000,,2015 (30.06.15),NOVABASE,NOVABASE - Par. Rel. Outros Saldos 2015
NOVABASE,Sociedade,Powergrid Lda,,,,,,,,2050000,,2015 (30.06.15),NOVABASE,NOVABASE - Par. Rel. Outros Saldos 2015
NOVABASE,Sociedade,Bright Innovation Lda,,,,,,,,1477000,,2015 (30.06.15),NOVABASE,NOVABASE - Par. Rel. Outros Saldos 2015
NOVABASE,Sociedade,SmartGeo Solutions Lda,,,,,,,,99000,,2015 (30.06.15),NOVABASE,NOVABASE - Par. Rel. Outros Saldos 2015
NOVABASE,Sociedade,Radical Innovation Lda,,,,,,,,994000,,2015 (30.06.15),NOVABASE,NOVABASE - Par. Rel. Outros Saldos 2015
NOVABASE,Sociedade,Power Data Lda,,,,,,,,248000,,2015 (30.06.15),NOVABASE,NOVABASE - Par. Rel. Outros Saldos 2015
NOVABASE,Sociedade,City Pulse,,,,,,,,2410000,,2015 (30.06.15),NOVABASE,NOVABASE - Par. Rel. Outros Saldos 2015
NOVABASE,Sociedade,Livin Technologies Lda,,,,,,,,1492000,,2015 (30.06.15),NOVABASE,NOVABASE - Par. Rel. Outros Saldos 2015
NOVABASE,Outros,outros socios/acionistas,,,,,,,,15000,,2015 (30.06.15),NOVABASE,NOVABASE - Par. Rel. Outros Saldos 2015
ISA,Sociedade,ISA Sul America(BR),,,,,,,25494,,,2014,ISA,ISA - Partes Relacionadas 2015
ISA,Sociedade,ISA 7 TEC(ES),,,,,,,,,,2014,ISA,ISA - Partes Relacionadas 2015
ISA,Sociedade,"Quanti fic,Lda",,,,,,,1753,,,2014,ISA,ISA - Partes Relacionadas 2015
ISA,Sociedade,"Blueworks,Lda",,,,,,,,,,2014,ISA,ISA - Partes Relacionadas 2015
ISA,Sociedade,ISA7 Ins tSys tAut(FR),,,,,,,,,,2014,ISA,ISA - Partes Relacionadas 2015
ISA,Sociedade,ISA 7 TEC (ES),,,,,,,89000,,,2014,ISA,ISA - Partes Relacionadas 2015
ISA,Sociedade,"Quanti fic,Lda",,,,,,,,,,2014,ISA,ISA - Partes Relacionadas 2015
ISA,Sociedade,"Blueworks,Lda",,,,,,,,,,2014,ISA,ISA - Partes Relacionadas 2015
ISA,Sociedade,"Capital Criativo Corporate,Lda.",,,,,,,101160,,,2014,ISA,ISA - Partes Relacionadas 2015
ISA,Sociedade,"Capital Criativo Corporate, Lda.",,,,,,,,275000,,2014,ISA,ISA - Partes Relacionadas 2015
ISA,Sociedade,ISA Sul America(BR),,,,,,,918,,,2015,ISA,ISA - Partes Relacionadas 2015
ISA,Sociedade,ISA 7 TEC(ES),,,,,,,,,,2015,ISA,ISA - Partes Relacionadas 2015
ISA,Sociedade,"Quanti fic,Lda",,,,,,,128,,,2015,ISA,ISA - Partes Relacionadas 2015
ISA,Sociedade,"Blueworks,Lda",,,,,,,,,,2015,ISA,ISA - Partes Relacionadas 2015
ISA,Sociedade,ISA7 Ins tSys tAut(FR),,,,,,,,,,2015,ISA,ISA - Partes Relacionadas 2015
ISA,Sociedade,ISA 7 TEC (ES),,,,,,,86000,,,2015,ISA,ISA - Partes Relacionadas 2015
ISA,Sociedade,"Quanti fic,Lda",,,,,,,,,,2015,ISA,ISA - Partes Relacionadas 2015
ISA,Sociedade,"Blueworks,Lda",,,,,,,,,,2015,ISA,ISA - Partes Relacionadas 2015
ISA,Sociedade,"Capital Criativo Corporate,Lda.",,,,,,,36900,,,2015,ISA,ISA - Partes Relacionadas 2015
ISA,Sociedade,"Capital Criativo Corporate, Lda.",,,,,,,,200000,,2015,ISA,ISA - Partes Relacionadas 2015
Desconhecido,Sociedade,ISA,,2575,,,,500,,,,2013,ISA,ISA - Alternext filling
FCR Empreender+,Sociedade,"Biosurfit, SA,",,333000,,,,,,,"no aumento de capital um primeiro round de investimento no valor de 333 mil euros, correspondente a 1/3 do compromisso total assumido.",2010,CGD,CGD - Relatorio do CA – 2010 1S Investimentos
FCR Empreender+,Sociedade,"Bem Comum, Sociedade de Capital de Risco, SA,",,80000,,,,,,,"constituicao da Bem Comum, Sociedade de Capital de Risco, SA, entidade que irá gerir um Fundo de Capital de Risco vocacionado para Start–ups.",2010,CGD,CGD - Relatorio do CA – 2010 1S Investimentos
FCR Empreender+,Sociedade,"Guestcentric, S.A.",,250000,,,,,,,"Na aquisicao de uma participacao, bem como na realizacao de suprimentos convertiveis",2010,CGD,CGD - Relatorio do CA – 2010 1S Investimentos
FCR Empreender+,Sociedade,"Smartwatt – Eficiencia Energetica e Microgeracao, SA",,175000,,,,,,,"atraves da realizacao de prestacoes suplementares de capital no valor de 75 mil euros, ao abrigo do estabelecido em acordo parassocial, passando o investimento total a ascender a 175 mil euros.",2010,CGD,CGD - Relatorio do CA – 2010 1S Investimentos
Portugal Ventures,Sociedade,Kinematix,,6.5M€,,,,,,,VC Funding up to date,2016,Kinematix,Kinematix Fact Sheet
NOVABASE,Sociedade,Powergrid Lda,,,,,,,,1765,,2013 (31.12.2013),NOVABASE,NOVABASE - Par. Rel. Outros Saldos 2013
NOVABASE,Sociedade,"Novabase Atlantico SI, SA",,,,,,,,1092,,2013 (31.12.2013),NOVABASE,NOVABASE - Par. Rel. Outros Saldos 2013
NOVABASE,Sociedade,DTV Research Lda,,,,,,,,1310,,2013 (31.12.2013),NOVABASE,NOVABASE - Par. Rel. Outros Saldos 2013
NOVABASE,Sociedade,Bright Innovation Lda,,,,,,,,1477,,2013 (31.12.2013),NOVABASE,NOVABASE - Par. Rel. Outros Saldos 2013
NOVABASE,Sociedade,SmartGeo Solutions Lda,,,,,,,,99,,2013 (31.12.2013),NOVABASE,NOVABASE - Par. Rel. Outros Saldos 2013
NOVABASE,Outros,outros socios/acionistas,,,,,,,,47,,2013 (31.12.2013),NOVABASE,NOVABASE - Par. Rel. Outros Saldos 2013